data,ano,mes,dia,trimestre,semestre,nome_mes,nome_dia_semana,dia_semana_num,semana_ano,is_fim_semana,is_feriado,nome_feriado,sazonalidade
2025-01-15,2025,1,15,1,1,Janeiro,Quarta-feira,3,3,False,False,,Baixa
2025-01-16,2025,1,16,1,1,Janeiro,Quinta-feira,4,3,False,False,,Baixa
2025-01-17,2025,1,17,1,1,Janeiro,Sexta-feira,5,3,False,False,,Baixa
2025-01-18,2025,1,18,1,1,Janeiro,Sábado,6,3,True,False,,Baixa
2025-01-19,2025,1,19,1,1,Janeiro,Domingo,7,3,True,False,,Baixa
2025-01-20,2025,1,20,1,1,Janeiro,Segunda-feira,1,4,False,False,,Baixa
2025-01-21,2025,1,21,1,1,Janeiro,Terça-feira,2,4,False,False,,Baixa
2025-01-22,2025,1,22,1,1,Janeiro,Quarta-feira,3,4,False,False,,Baixa
2025-01-23,2025,1,23,1,1,Janeiro,Quinta-feira,4,4,False,False,,Baixa
2025-01-24,2025,1,24,1,1,Janeiro,Sexta-feira,5,4,False,False,,Baixa
2025-01-25,2025,1,25,1,1,Janeiro,Sábado,6,4,True,False,,Baixa
2025-01-26,2025,1,26,1,1,Janeiro,Domingo,7,4,True,False,,Baixa
2025-01-27,2025,1,27,1,1,Janeiro,Segunda-feira,1,5,False,False,,Baixa
2025-01-28,2025,1,28,1,1,Janeiro,Terça-feira,2,5,False,False,,Baixa
2025-01-29,2025,1,29,1,1,Janeiro,Quarta-feira,3,5,False,False,,Baixa
2025-01-30,2025,1,30,1,1,Janeiro,Quinta-feira,4,5,False,False,,Baixa
2025-01-31,2025,1,31,1,1,Janeiro,Sexta-feira,5,5,False,False,,Baixa
2025-02-01,2025,2,1,1,1,Fevereiro,Sábado,6,5,True,False,,Baixa
2025-02-02,2025,2,2,1,1,Fevereiro,Domingo,7,5,True,False,,Baixa
2025-02-03,2025,2,3,1,1,Fevereiro,Segunda-feira,1,6,False,False,,Baixa
2025-02-04,2025,2,4,1,1,Fevereiro,Terça-feira,2,6,False,False,,Baixa
2025-02-05,2025,2,5,1,1,Fevereiro,Quarta-feira,3,6,False,False,,Baixa
2025-02-06,2025,2,6,1,1,Fevereiro,Quinta-feira,4,6,False,False,,Baixa
2025-02-07,2025,2,7,1,1,Fevereiro,Sexta-feira,5,6,False,False,,Baixa
2025-02-08,2025,2,8,1,1,Fevereiro,Sábado,6,6,True,False,,Baixa
2025-02-09,2025,2,9,1,1,Fevereiro,Domingo,7,6,True,False,,Baixa
2025-02-10,2025,2,10,1,1,Fevereiro,Segunda-feira,1,7,False,False,,Baixa
2025-02-11,2025,2,11,1,1,Fevereiro,Terça-feira,2,7,False,False,,Baixa
2025-02-12,2025,2,12,1,1,Fevereiro,Quarta-feira,3,7,False,False,,Baixa
2025-02-13,2025,2,13,1,1,Fevereiro,Quinta-feira,4,7,False,False,,Baixa
2025-02-14,2025,2,14,1,1,Fevereiro,Sexta-feira,5,7,False,False,,Baixa
2025-02-15,2025,2,15,1,1,Fevereiro,Sábado,6,7,True,False,,Baixa
2025-02-16,2025,2,16,1,1,Fevereiro,Domingo,7,7,True,False,,Baixa
2025-02-17,2025,2,17,1,1,Fevereiro,Segunda-feira,1,8,False,False,,Baixa
2025-02-18,2025,2,18,1,1,Fevereiro,Terça-feira,2,8,False,False,,Baixa
2025-02-19,2025,2,19,1,1,Fevereiro,Quarta-feira,3,8,False,False,,Baixa
2025-02-20,2025,2,20,1,1,Fevereiro,Quinta-feira,4,8,False,False,,Baixa
2025-02-21,2025,2,21,1,1,Fevereiro,Sexta-feira,5,8,False,False,,Baixa
2025-02-22,2025,2,22,1,1,Fevereiro,Sábado,6,8,True,False,,Baixa
2025-02-23,2025,2,23,1,1,Fevereiro,Domingo,7,8,True,False,,Baixa
2025-02-24,2025,2,24,1,1,Fevereiro,Segunda-feira,1,9,False,False,,Baixa
2025-02-25,2025,2,25,1,1,Fevereiro,Terça-feira,2,9,False,False,,Baixa
2025-02-26,2025,2,26,1,1,Fevereiro,Quarta-feira,3,9,False,False,,Baixa
2025-02-27,2025,2,27,1,1,Fevereiro,Quinta-feira,4,9,False,False,,Baixa
2025-02-28,2025,2,28,1,1,Fevereiro,Sexta-feira,5,9,False,False,,Baixa
2025-03-01,2025,3,1,1,1,Março,Sábado,6,9,True,False,,Média
2025-03-02,2025,3,2,1,1,Março,Domingo,7,9,True,False,,Média
2025-03-03,2025,3,3,1,1,Março,Segunda-feira,1,10,False,False,,Média
2025-03-04,2025,3,4,1,1,Março,Terça-feira,2,10,False,False,,Média
2025-03-05,2025,3,5,1,1,Março,Quarta-feira,3,10,False,False,,Média
2025-03-06,2025,3,6,1,1,Março,Quinta-feira,4,10,False,False,,Média
2025-03-07,2025,3,7,1,1,Março,Sexta-feira,5,10,False,False,,Média
2025-03-08,2025,3,8,1,1,Março,Sábado,6,10,True,False,,Média
2025-03-09,2025,3,9,1,1,Março,Domingo,7,10,True,False,,Média
2025-03-10,2025,3,10,1,1,Março,Segunda-feira,1,11,False,False,,Média
2025-03-11,2025,3,11,1,1,Março,Terça-feira,2,11,False,False,,Média
2025-03-12,2025,3,12,1,1,Março,Quarta-feira,3,11,False,False,,Média
2025-03-13,2025,3,13,1,1,Março,Quinta-feira,4,11,False,False,,Média
2025-03-14,2025,3,14,1,1,Março,Sexta-feira,5,11,False,False,,Média
2025-03-15,2025,3,15,1,1,Março,Sábado,6,11,True,False,,Média
2025-03-16,2025,3,16,1,1,Março,Domingo,7,11,True,False,,Média
2025-03-17,2025,3,17,1,1,Março,Segunda-feira,1,12,False,False,,Média
2025-03-18,2025,3,18,1,1,Março,Terça-feira,2,12,False,False,,Média
2025-03-19,2025,3,19,1,1,Março,Quarta-feira,3,12,False,False,,Média
2025-03-20,2025,3,20,1,1,Março,Quinta-feira,4,12,False,False,,Média
2025-03-21,2025,3,21,1,1,Março,Sexta-feira,5,12,False,False,,Média
2025-03-22,2025,3,22,1,1,Março,Sábado,6,12,True,False,,Média
2025-03-23,2025,3,23,1,1,Março,Domingo,7,12,True,False,,Média
2025-03-24,2025,3,24,1,1,Março,Segunda-feira,1,13,False,False,,Média
2025-03-25,2025,3,25,1,1,Março,Terça-feira,2,13,False,False,,Média
2025-03-26,2025,3,26,1,1,Março,Quarta-feira,3,13,False,False,,Média
2025-03-27,2025,3,27,1,1,Março,Quinta-feira,4,13,False,False,,Média
2025-03-28,2025,3,28,1,1,Março,Sexta-feira,5,13,False,False,,Média
2025-03-29,2025,3,29,1,1,Março,Sábado,6,13,True,False,,Média
2025-03-30,2025,3,30,1,1,Março,Domingo,7,13,True,False,,Média
2025-03-31,2025,3,31,1,1,Março,Segunda-feira,1,14,False,False,,Média
2025-04-01,2025,4,1,2,1,Abril,Terça-feira,2,14,False,False,,Média
2025-04-02,2025,4,2,2,1,Abril,Quarta-feira,3,14,False,False,,Média
2025-04-03,2025,4,3,2,1,Abril,Quinta-feira,4,14,False,False,,Média
2025-04-04,2025,4,4,2,1,Abril,Sexta-feira,5,14,False,False,,Média
2025-04-05,2025,4,5,2,1,Abril,Sábado,6,14,True,False,,Média
2025-04-06,2025,4,6,2,1,Abril,Domingo,7,14,True,False,,Média
2025-04-07,2025,4,7,2,1,Abril,Segunda-feira,1,15,False,False,,Média
2025-04-08,2025,4,8,2,1,Abril,Terça-feira,2,15,False,False,,Média
2025-04-09,2025,4,9,2,1,Abril,Quarta-feira,3,15,False,False,,Média
2025-04-10,2025,4,10,2,1,Abril,Quinta-feira,4,15,False,False,,Média
2025-04-11,2025,4,11,2,1,Abril,Sexta-feira,5,15,False,False,,Média
2025-04-12,2025,4,12,2,1,Abril,Sábado,6,15,True,False,,Média
2025-04-13,2025,4,13,2,1,Abril,Domingo,7,15,True,False,,Média
2025-04-14,2025,4,14,2,1,Abril,Segunda-feira,1,16,False,False,,Média
2025-04-15,2025,4,15,2,1,Abril,Terça-feira,2,16,False,False,,Média
2025-04-16,2025,4,16,2,1,Abril,Quarta-feira,3,16,False,False,,Média
2025-04-17,2025,4,17,2,1,Abril,Quinta-feira,4,16,False,False,,Média
2025-04-18,2025,4,18,2,1,Abril,Sexta-feira,5,16,False,False,,Média
2025-04-19,2025,4,19,2,1,Abril,Sábado,6,16,True,False,,Média
2025-04-20,2025,4,20,2,1,Abril,Domingo,7,16,True,False,,Média
2025-04-21,2025,4,21,2,1,Abril,Segunda-feira,1,17,False,True,Tiradentes,Média
2025-04-22,2025,4,22,2,1,Abril,Terça-feira,2,17,False,False,,Média
2025-04-23,2025,4,23,2,1,Abril,Quarta-feira,3,17,False,False,,Média
2025-04-24,2025,4,24,2,1,Abril,Quinta-feira,4,17,False,False,,Média
2025-04-25,2025,4,25,2,1,Abril,Sexta-feira,5,17,False,False,,Média
2025-04-26,2025,4,26,2,1,Abril,Sábado,6,17,True,False,,Média
2025-04-27,2025,4,27,2,1,Abril,Domingo,7,17,True,False,,Média
2025-04-28,2025,4,28,2,1,Abril,Segunda-feira,1,18,False,False,,Média
2025-04-29,2025,4,29,2,1,Abril,Terça-feira,2,18,False,False,,Média
2025-04-30,2025,4,30,2,1,Abril,Quarta-feira,3,18,False,False,,Média
2025-05-01,2025,5,1,2,1,Maio,Quinta-feira,4,18,False,True,Dia do Trabalho,Alta
2025-05-02,2025,5,2,2,1,Maio,Sexta-feira,5,18,False,False,,Alta
2025-05-03,2025,5,3,2,1,Maio,Sábado,6,18,True,False,,Alta
2025-05-04,2025,5,4,2,1,Maio,Domingo,7,18,True,False,,Alta
2025-05-05,2025,5,5,2,1,Maio,Segunda-feira,1,19,False,False,,Alta
2025-05-06,2025,5,6,2,1,Maio,Terça-feira,2,19,False,False,,Alta
2025-05-07,2025,5,7,2,1,Maio,Quarta-feira,3,19,False,False,,Alta
2025-05-08,2025,5,8,2,1,Maio,Quinta-feira,4,19,False,False,,Alta
2025-05-09,2025,5,9,2,1,Maio,Sexta-feira,5,19,False,False,,Alta
2025-05-10,2025,5,10,2,1,Maio,Sábado,6,19,True,False,,Alta
2025-05-11,2025,5,11,2,1,Maio,Domingo,7,19,True,False,,Alta
2025-05-12,2025,5,12,2,1,Maio,Segunda-feira,1,20,False,False,,Alta
2025-05-13,2025,5,13,2,1,Maio,Terça-feira,2,20,False,False,,Alta
2025-05-14,2025,5,14,2,1,Maio,Quarta-feira,3,20,False,False,,Alta
2025-05-15,2025,5,15,2,1,Maio,Quinta-feira,4,20,False,False,,Alta
2025-05-16,2025,5,16,2,1,Maio,Sexta-feira,5,20,False,False,,Alta
2025-05-17,2025,5,17,2,1,Maio,Sábado,6,20,True,False,,Alta
2025-05-18,2025,5,18,2,1,Maio,Domingo,7,20,True,False,,Alta
2025-05-19,2025,5,19,2,1,Maio,Segunda-feira,1,21,False,False,,Alta
2025-05-20,2025,5,20,2,1,Maio,Terça-feira,2,21,False,False,,Alta
2025-05-21,2025,5,21,2,1,Maio,Quarta-feira,3,21,False,False,,Alta
2025-05-22,2025,5,22,2,1,Maio,Quinta-feira,4,21,False,False,,Alta
2025-05-23,2025,5,23,2,1,Maio,Sexta-feira,5,21,False,False,,Alta
2025-05-24,2025,5,24,2,1,Maio,Sábado,6,21,True,False,,Alta
2025-05-25,2025,5,25,2,1,Maio,Domingo,7,21,True,False,,Alta
2025-05-26,2025,5,26,2,1,Maio,Segunda-feira,1,22,False,False,,Alta
2025-05-27,2025,5,27,2,1,Maio,Terça-feira,2,22,False,False,,Alta
2025-05-28,2025,5,28,2,1,Maio,Quarta-feira,3,22,False,False,,Alta
2025-05-29,2025,5,29,2,1,Maio,Quinta-feira,4,22,False,False,,Alta
2025-05-30,2025,5,30,2,1,Maio,Sexta-feira,5,22,False,False,,Alta
2025-05-31,2025,5,31,2,1,Maio,Sábado,6,22,True,False,,Alta
2025-06-01,2025,6,1,2,1,Junho,Domingo,7,22,True,False,,Alta
2025-06-02,2025,6,2,2,1,Junho,Segunda-feira,1,23,False,False,,Alta
2025-06-03,2025,6,3,2,1,Junho,Terça-feira,2,23,False,False,,Alta
2025-06-04,2025,6,4,2,1,Junho,Quarta-feira,3,23,False,False,,Alta
2025-06-05,2025,6,5,2,1,Junho,Quinta-feira,4,23,False,False,,Alta
2025-06-06,2025,6,6,2,1,Junho,Sexta-feira,5,23,False,False,,Alta
2025-06-07,2025,6,7,2,1,Junho,Sábado,6,23,True,False,,Alta
2025-06-08,2025,6,8,2,1,Junho,Domingo,7,23,True,False,,Alta
2025-06-09,2025,6,9,2,1,Junho,Segunda-feira,1,24,False,False,,Alta
2025-06-10,2025,6,10,2,1,Junho,Terça-feira,2,24,False,False,,Alta
2025-06-11,2025,6,11,2,1,Junho,Quarta-feira,3,24,False,False,,Alta
2025-06-12,2025,6,12,2,1,Junho,Quinta-feira,4,24,False,False,,Alta
2025-06-13,2025,6,13,2,1,Junho,Sexta-feira,5,24,False,False,,Alta
2025-06-14,2025,6,14,2,1,Junho,Sábado,6,24,True,False,,Alta
2025-06-15,2025,6,15,2,1,Junho,Domingo,7,24,True,False,,Alta
2025-06-16,2025,6,16,2,1,Junho,Segunda-feira,1,25,False,False,,Alta
2025-06-17,2025,6,17,2,1,Junho,Terça-feira,2,25,False,False,,Alta
2025-06-18,2025,6,18,2,1,Junho,Quarta-feira,3,25,False,False,,Alta
2025-06-19,2025,6,19,2,1,Junho,Quinta-feira,4,25,False,False,,Alta
2025-06-20,2025,6,20,2,1,Junho,Sexta-feira,5,25,False,False,,Alta
2025-06-21,2025,6,21,2,1,Junho,Sábado,6,25,True,False,,Alta
2025-06-22,2025,6,22,2,1,Junho,Domingo,7,25,True,False,,Alta
2025-06-23,2025,6,23,2,1,Junho,Segunda-feira,1,26,False,False,,Alta
2025-06-24,2025,6,24,2,1,Junho,Terça-feira,2,26,False,False,,Alta
2025-06-25,2025,6,25,2,1,Junho,Quarta-feira,3,26,False,False,,Alta
2025-06-26,2025,6,26,2,1,Junho,Quinta-feira,4,26,False,False,,Alta
2025-06-27,2025,6,27,2,1,Junho,Sexta-feira,5,26,False,False,,Alta
2025-06-28,2025,6,28,2,1,Junho,Sábado,6,26,True,False,,Alta
2025-06-29,2025,6,29,2,1,Junho,Domingo,7,26,True,False,,Alta
2025-06-30,2025,6,30,2,1,Junho,Segunda-feira,1,27,False,False,,Alta
2025-07-01,2025,7,1,3,2,Julho,Terça-feira,2,27,False,False,,Alta
2025-07-02,2025,7,2,3,2,Julho,Quarta-feira,3,27,False,False,,Alta
2025-07-03,2025,7,3,3,2,Julho,Quinta-feira,4,27,False,False,,Alta
2025-07-04,2025,7,4,3,2,Julho,Sexta-feira,5,27,False,False,,Alta
2025-07-05,2025,7,5,3,2,Julho,Sábado,6,27,True,False,,Alta
2025-07-06,2025,7,6,3,2,Julho,Domingo,7,27,True,False,,Alta
2025-07-07,2025,7,7,3,2,Julho,Segunda-feira,1,28,False,False,,Alta
2025-07-08,2025,7,8,3,2,Julho,Terça-feira,2,28,False,False,,Alta
2025-07-09,2025,7,9,3,2,Julho,Quarta-feira,3,28,False,False,,Alta
2025-07-10,2025,7,10,3,2,Julho,Quinta-feira,4,28,False,False,,Alta
2025-07-11,2025,7,11,3,2,Julho,Sexta-feira,5,28,False,False,,Alta
2025-07-12,2025,7,12,3,2,Julho,Sábado,6,28,True,False,,Alta
2025-07-13,2025,7,13,3,2,Julho,Domingo,7,28,True,False,,Alta
2025-07-14,2025,7,14,3,2,Julho,Segunda-feira,1,29,False,False,,Alta
2025-07-15,2025,7,15,3,2,Julho,Terça-feira,2,29,False,False,,Alta
2025-07-16,2025,7,16,3,2,Julho,Quarta-feira,3,29,False,False,,Alta
2025-07-17,2025,7,17,3,2,Julho,Quinta-feira,4,29,False,False,,Alta
2025-07-18,2025,7,18,3,2,Julho,Sexta-feira,5,29,False,False,,Alta
2025-07-19,2025,7,19,3,2,Julho,Sábado,6,29,True,False,,Alta
2025-07-20,2025,7,20,3,2,Julho,Domingo,7,29,True,False,,Alta
2025-07-21,2025,7,21,3,2,Julho,Segunda-feira,1,30,False,False,,Alta
2025-07-22,2025,7,22,3,2,Julho,Terça-feira,2,30,False,False,,Alta
2025-07-23,2025,7,23,3,2,Julho,Quarta-feira,3,30,False,False,,Alta
2025-07-24,2025,7,24,3,2,Julho,Quinta-feira,4,30,False,False,,Alta
2025-07-25,2025,7,25,3,2,Julho,Sexta-feira,5,30,False,False,,Alta
2025-07-26,2025,7,26,3,2,Julho,Sábado,6,30,True,False,,Alta
2025-07-27,2025,7,27,3,2,Julho,Domingo,7,30,True,False,,Alta
2025-07-28,2025,7,28,3,2,Julho,Segunda-feira,1,31,False,False,,Alta
2025-07-29,2025,7,29,3,2,Julho,Terça-feira,2,31,False,False,,Alta
2025-07-30,2025,7,30,3,2,Julho,Quarta-feira,3,31,False,False,,Alta
2025-07-31,2025,7,31,3,2,Julho,Quinta-feira,4,31,False,False,,Alta
2025-08-01,2025,8,1,3,2,Agosto,Sexta-feira,5,31,False,False,,Média
2025-08-02,2025,8,2,3,2,Agosto,Sábado,6,31,True,False,,Média
2025-08-03,2025,8,3,3,2,Agosto,Domingo,7,31,True,False,,Média
2025-08-04,2025,8,4,3,2,Agosto,Segunda-feira,1,32,False,False,,Média
2025-08-05,2025,8,5,3,2,Agosto,Terça-feira,2,32,False,False,,Média
2025-08-06,2025,8,6,3,2,Agosto,Quarta-feira,3,32,False,False,,Média
2025-08-07,2025,8,7,3,2,Agosto,Quinta-feira,4,32,False,False,,Média
2025-08-08,2025,8,8,3,2,Agosto,Sexta-feira,5,32,False,False,,Média
2025-08-09,2025,8,9,3,2,Agosto,Sábado,6,32,True,False,,Média
2025-08-10,2025,8,10,3,2,Agosto,Domingo,7,32,True,False,,Média
2025-08-11,2025,8,11,3,2,Agosto,Segunda-feira,1,33,False,False,,Média
2025-08-12,2025,8,12,3,2,Agosto,Terça-feira,2,33,False,False,,Média
2025-08-13,2025,8,13,3,2,Agosto,Quarta-feira,3,33,False,False,,Média
2025-08-14,2025,8,14,3,2,Agosto,Quinta-feira,4,33,False,False,,Média
2025-08-15,2025,8,15,3,2,Agosto,Sexta-feira,5,33,False,False,,Média
2025-08-16,2025,8,16,3,2,Agosto,Sábado,6,33,True,False,,Média
2025-08-17,2025,8,17,3,2,Agosto,Domingo,7,33,True,False,,Média
2025-08-18,2025,8,18,3,2,Agosto,Segunda-feira,1,34,False,False,,Média
2025-08-19,2025,8,19,3,2,Agosto,Terça-feira,2,34,False,False,,Média
2025-08-20,2025,8,20,3,2,Agosto,Quarta-feira,3,34,False,False,,Média
2025-08-21,2025,8,21,3,2,Agosto,Quinta-feira,4,34,False,False,,Média
2025-08-22,2025,8,22,3,2,Agosto,Sexta-feira,5,34,False,False,,Média
2025-08-23,2025,8,23,3,2,Agosto,Sábado,6,34,True,False,,Média
2025-08-24,2025,8,24,3,2,Agosto,Domingo,7,34,True,False,,Média
2025-08-25,2025,8,25,3,2,Agosto,Segunda-feira,1,35,False,False,,Média
2025-08-26,2025,8,26,3,2,Agosto,Terça-feira,2,35,False,False,,Média
2025-08-27,2025,8,27,3,2,Agosto,Quarta-feira,3,35,False,False,,Média
2025-08-28,2025,8,28,3,2,Agosto,Quinta-feira,4,35,False,False,,Média
2025-08-29,2025,8,29,3,2,Agosto,Sexta-feira,5,35,False,False,,Média
2025-08-30,2025,8,30,3,2,Agosto,Sábado,6,35,True,False,,Média
2025-08-31,2025,8,31,3,2,Agosto,Domingo,7,35,True,False,,Média
2025-09-01,2025,9,1,3,2,Setembro,Segunda-feira,1,36,False,False,,Média
2025-09-02,2025,9,2,3,2,Setembro,Terça-feira,2,36,False,False,,Média
2025-09-03,2025,9,3,3,2,Setembro,Quarta-feira,3,36,False,False,,Média
2025-09-04,2025,9,4,3,2,Setembro,Quinta-feira,4,36,False,False,,Média
2025-09-05,2025,9,5,3,2,Setembro,Sexta-feira,5,36,False,False,,Média
2025-09-06,2025,9,6,3,2,Setembro,Sábado,6,36,True,False,,Média
2025-09-07,2025,9,7,3,2,Setembro,Domingo,7,36,True,True,Independência do Brasil,Média
2025-09-08,2025,9,8,3,2,Setembro,Segunda-feira,1,37,False,False,,Média
2025-09-09,2025,9,9,3,2,Setembro,Terça-feira,2,37,False,False,,Média
2025-09-10,2025,9,10,3,2,Setembro,Quarta-feira,3,37,False,False,,Média
2025-09-11,2025,9,11,3,2,Setembro,Quinta-feira,4,37,False,False,,Média
2025-09-12,2025,9,12,3,2,Setembro,Sexta-feira,5,37,False,False,,Média
2025-09-13,2025,9,13,3,2,Setembro,Sábado,6,37,True,False,,Média
2025-09-14,2025,9,14,3,2,Setembro,Domingo,7,37,True,False,,Média
2025-09-15,2025,9,15,3,2,Setembro,Segunda-feira,1,38,False,False,,Média
2025-09-16,2025,9,16,3,2,Setembro,Terça-feira,2,38,False,False,,Média
2025-09-17,2025,9,17,3,2,Setembro,Quarta-feira,3,38,False,False,,Média
2025-09-18,2025,9,18,3,2,Setembro,Quinta-feira,4,38,False,False,,Média
2025-09-19,2025,9,19,3,2,Setembro,Sexta-feira,5,38,False,False,,Média
2025-09-20,2025,9,20,3,2,Setembro,Sábado,6,38,True,False,,Média
2025-09-21,2025,9,21,3,2,Setembro,Domingo,7,38,True,False,,Média
2025-09-22,2025,9,22,3,2,Setembro,Segunda-feira,1,39,False,False,,Média
2025-09-23,2025,9,23,3,2,Setembro,Terça-feira,2,39,False,False,,Média
2025-09-24,2025,9,24,3,2,Setembro,Quarta-feira,3,39,False,False,,Média
2025-09-25,2025,9,25,3,2,Setembro,Quinta-feira,4,39,False,False,,Média
2025-09-26,2025,9,26,3,2,Setembro,Sexta-feira,5,39,False,False,,Média
2025-09-27,2025,9,27,3,2,Setembro,Sábado,6,39,True,False,,Média
2025-09-28,2025,9,28,3,2,Setembro,Domingo,7,39,True,False,,Média
2025-09-29,2025,9,29,3,2,Setembro,Segunda-feira,1,40,False,False,,Média
2025-09-30,2025,9,30,3,2,Setembro,Terça-feira,2,40,False,False,,Média
2025-10-01,2025,10,1,4,2,Outubro,Quarta-feira,3,40,False,False,,Média
2025-10-02,2025,10,2,4,2,Outubro,Quinta-feira,4,40,False,False,,Média
2025-10-03,2025,10,3,4,2,Outubro,Sexta-feira,5,40,False,False,,Média
2025-10-04,2025,10,4,4,2,Outubro,Sábado,6,40,True,False,,Média
2025-10-05,2025,10,5,4,2,Outubro,Domingo,7,40,True,False,,Média
2025-10-06,2025,10,6,4,2,Outubro,Segunda-feira,1,41,False,False,,Média
2025-10-07,2025,10,7,4,2,Outubro,Terça-feira,2,41,False,False,,Média
2025-10-08,2025,10,8,4,2,Outubro,Quarta-feira,3,41,False,False,,Média
2025-10-09,2025,10,9,4,2,Outubro,Quinta-feira,4,41,False,False,,Média
2025-10-10,2025,10,10,4,2,Outubro,Sexta-feira,5,41,False,False,,Média
2025-10-11,2025,10,11,4,2,Outubro,Sábado,6,41,True,False,,Média
2025-10-12,2025,10,12,4,2,Outubro,Domingo,7,41,True,True,Nossa Senhora Aparecida,Média
2025-10-13,2025,10,13,4,2,Outubro,Segunda-feira,1,42,False,False,,Média
2025-10-14,2025,10,14,4,2,Outubro,Terça-feira,2,42,False,False,,Média
2025-10-15,2025,10,15,4,2,Outubro,Quarta-feira,3,42,False,False,,Média
2025-10-16,2025,10,16,4,2,Outubro,Quinta-feira,4,42,False,False,,Média
2025-10-17,2025,10,17,4,2,Outubro,Sexta-feira,5,42,False,False,,Média
2025-10-18,2025,10,18,4,2,Outubro,Sábado,6,42,True,False,,Média
2025-10-19,2025,10,19,4,2,Outubro,Domingo,7,42,True,False,,Média
2025-10-20,2025,10,20,4,2,Outubro,Segunda-feira,1,43,False,False,,Média
2025-10-21,2025,10,21,4,2,Outubro,Terça-feira,2,43,False,False,,Média
2025-10-22,2025,10,22,4,2,Outubro,Quarta-feira,3,43,False,False,,Média
2025-10-23,2025,10,23,4,2,Outubro,Quinta-feira,4,43,False,False,,Média
2025-10-24,2025,10,24,4,2,Outubro,Sexta-feira,5,43,False,False,,Média
2025-10-25,2025,10,25,4,2,Outubro,Sábado,6,43,True,False,,Média
2025-10-26,2025,10,26,4,2,Outubro,Domingo,7,43,True,False,,Média
2025-10-27,2025,10,27,4,2,Outubro,Segunda-feira,1,44,False,False,,Média
2025-10-28,2025,10,28,4,2,Outubro,Terça-feira,2,44,False,False,,Média
2025-10-29,2025,10,29,4,2,Outubro,Quarta-feira,3,44,False,False,,Média
2025-10-30,2025,10,30,4,2,Outubro,Quinta-feira,4,44,False,False,,Média
2025-10-31,2025,10,31,4,2,Outubro,Sexta-feira,5,44,False,False,,Média
2025-11-01,2025,11,1,4,2,Novembro,Sábado,6,44,True,False,,Alta
2025-11-02,2025,11,2,4,2,Novembro,Domingo,7,44,True,True,Finados,Alta
2025-11-03,2025,11,3,4,2,Novembro,Segunda-feira,1,45,False,False,,Alta
2025-11-04,2025,11,4,4,2,Novembro,Terça-feira,2,45,False,False,,Alta
2025-11-05,2025,11,5,4,2,Novembro,Quarta-feira,3,45,False,False,,Alta
2025-11-06,2025,11,6,4,2,Novembro,Quinta-feira,4,45,False,False,,Alta
2025-11-07,2025,11,7,4,2,Novembro,Sexta-feira,5,45,False,False,,Alta
2025-11-08,2025,11,8,4,2,Novembro,Sábado,6,45,True,False,,Alta
2025-11-09,2025,11,9,4,2,Novembro,Domingo,7,45,True,False,,Alta
2025-11-10,2025,11,10,4,2,Novembro,Segunda-feira,1,46,False,False,,Alta
2025-11-11,2025,11,11,4,2,Novembro,Terça-feira,2,46,False,False,,Alta
2025-11-12,2025,11,12,4,2,Novembro,Quarta-feira,3,46,False,False,,Alta
2025-11-13,2025,11,13,4,2,Novembro,Quinta-feira,4,46,False,False,,Alta
2025-11-14,2025,11,14,4,2,Novembro,Sexta-feira,5,46,False,False,,Alta
2025-11-15,2025,11,15,4,2,Novembro,Sábado,6,46,True,True,Proclamação da República,Alta
2025-11-16,2025,11,16,4,2,Novembro,Domingo,7,46,True,False,,Alta
2025-11-17,2025,11,17,4,2,Novembro,Segunda-feira,1,47,False,False,,Alta
2025-11-18,2025,11,18,4,2,Novembro,Terça-feira,2,47,False,False,,Alta
2025-11-19,2025,11,19,4,2,Novembro,Quarta-feira,3,47,False,False,,Alta
2025-11-20,2025,11,20,4,2,Novembro,Quinta-feira,4,47,False,False,,Alta
2025-11-21,2025,11,21,4,2,Novembro,Sexta-feira,5,47,False,False,,Alta
2025-11-22,2025,11,22,4,2,Novembro,Sábado,6,47,True,False,,Alta
2025-11-23,2025,11,23,4,2,Novembro,Domingo,7,47,True,False,,Alta
2025-11-24,2025,11,24,4,2,Novembro,Segunda-feira,1,48,False,False,,Alta
2025-11-25,2025,11,25,4,2,Novembro,Terça-feira,2,48,False,False,,Alta
2025-11-26,2025,11,26,4,2,Novembro,Quarta-feira,3,48,False,False,,Alta
2025-11-27,2025,11,27,4,2,Novembro,Quinta-feira,4,48,False,False,,Alta
2025-11-28,2025,11,28,4,2,Novembro,Sexta-feira,5,48,False,False,,Alta
2025-11-29,2025,11,29,4,2,Novembro,Sábado,6,48,True,False,,Alta
2025-11-30,2025,11,30,4,2,Novembro,Domingo,7,48,True,False,,Alta
2025-12-01,2025,12,1,4,2,Dezembro,Segunda-feira,1,49,False,False,,Alta
2025-12-02,2025,12,2,4,2,Dezembro,Terça-feira,2,49,False,False,,Alta
2025-12-03,2025,12,3,4,2,Dezembro,Quarta-feira,3,49,False,False,,Alta
2025-12-04,2025,12,4,4,2,Dezembro,Quinta-feira,4,49,False,False,,Alta
2025-12-05,2025,12,5,4,2,Dezembro,Sexta-feira,5,49,False,False,,Alta
2025-12-06,2025,12,6,4,2,Dezembro,Sábado,6,49,True,False,,Alta
2025-12-07,2025,12,7,4,2,Dezembro,Domingo,7,49,True,False,,Alta
2025-12-08,2025,12,8,4,2,Dezembro,Segunda-feira,1,50,False,False,,Alta
2025-12-09,2025,12,9,4,2,Dezembro,Terça-feira,2,50,False,False,,Alta
2025-12-10,2025,12,10,4,2,Dezembro,Quarta-feira,3,50,False,False,,Alta
2025-12-11,2025,12,11,4,2,Dezembro,Quinta-feira,4,50,False,False,,Alta
2025-12-12,2025,12,12,4,2,Dezembro,Sexta-feira,5,50,False,False,,Alta
2025-12-13,2025,12,13,4,2,Dezembro,Sábado,6,50,True,False,,Alta
2025-12-14,2025,12,14,4,2,Dezembro,Domingo,7,50,True,False,,Alta
2025-12-15,2025,12,15,4,2,Dezembro,Segunda-feira,1,51,False,False,,Alta
2025-12-16,2025,12,16,4,2,Dezembro,Terça-feira,2,51,False,False,,Alta
2025-12-17,2025,12,17,4,2,Dezembro,Quarta-feira,3,51,False,False,,Alta
2025-12-18,2025,12,18,4,2,Dezembro,Quinta-feira,4,51,False,False,,Alta
2025-12-19,2025,12,19,4,2,Dezembro,Sexta-feira,5,51,False,False,,Alta
2025-12-20,2025,12,20,4,2,Dezembro,Sábado,6,51,True,False,,Alta
2025-12-21,2025,12,21,4,2,Dezembro,Domingo,7,51,True,False,,Alta
2025-12-22,2025,12,22,4,2,Dezembro,Segunda-feira,1,52,False,False,,Alta
2025-12-23,2025,12,23,4,2,Dezembro,Terça-feira,2,52,False,False,,Alta
2025-12-24,2025,12,24,4,2,Dezembro,Quarta-feira,3,52,False,False,,Alta
2025-12-25,2025,12,25,4,2,Dezembro,Quinta-feira,4,52,False,True,Natal,Alta
2025-12-26,2025,12,26,4,2,Dezembro,Sexta-feira,5,52,False,False,,Alta
2025-12-27,2025,12,27,4,2,Dezembro,Sábado,6,52,True,False,,Alta
2025-12-28,2025,12,28,4,2,Dezembro,Domingo,7,52,True,False,,Alta
2025-12-29,2025,12,29,4,2,Dezembro,Segunda-feira,1,1,False,False,,Alta
2025-12-30,2025,12,30,4,2,Dezembro,Terça-feira,2,1,False,False,,Alta
2025-12-31,2025,12,31,4,2,Dezembro,Quarta-feira,3,1,False,False,,Alta
2026-01-01,2026,1,1,1,1,Janeiro,Quinta-feira,4,1,False,True,Confraternização Universal,Baixa
2026-01-02,2026,1,2,1,1,Janeiro,Sexta-feira,5,1,False,False,,Baixa
2026-01-03,2026,1,3,1,1,Janeiro,Sábado,6,1,True,False,,Baixa
2026-01-04,2026,1,4,1,1,Janeiro,Domingo,7,1,True,False,,Baixa
2026-01-05,2026,1,5,1,1,Janeiro,Segunda-feira,1,2,False,False,,Baixa
2026-01-06,2026,1,6,1,1,Janeiro,Terça-feira,2,2,False,False,,Baixa
2026-01-07,2026,1,7,1,1,Janeiro,Quarta-feira,3,2,False,False,,Baixa
2026-01-08,2026,1,8,1,1,Janeiro,Quinta-feira,4,2,False,False,,Baixa
2026-01-09,2026,1,9,1,1,Janeiro,Sexta-feira,5,2,False,False,,Baixa
2026-01-10,2026,1,10,1,1,Janeiro,Sábado,6,2,True,False,,Baixa
2026-01-11,2026,1,11,1,1,Janeiro,Domingo,7,2,True,False,,Baixa
2026-01-12,2026,1,12,1,1,Janeiro,Segunda-feira,1,3,False,False,,Baixa
2026-01-13,2026,1,13,1,1,Janeiro,Terça-feira,2,3,False,False,,Baixa
2026-01-14,2026,1,14,1,1,Janeiro,Quarta-feira,3,3,False,False,,Baixa
2026-01-15,2026,1,15,1,1,Janeiro,Quinta-feira,4,3,False,False,,Baixa
2026-01-16,2026,1,16,1,1,Janeiro,Sexta-feira,5,3,False,False,,Baixa
2026-01-17,2026,1,17,1,1,Janeiro,Sábado,6,3,True,False,,Baixa
2026-01-18,2026,1,18,1,1,Janeiro,Domingo,7,3,True,False,,Baixa
2026-01-19,2026,1,19,1,1,Janeiro,Segunda-feira,1,4,False,False,,Baixa
2026-01-20,2026,1,20,1,1,Janeiro,Terça-feira,2,4,False,False,,Baixa
2026-01-21,2026,1,21,1,1,Janeiro,Quarta-feira,3,4,False,False,,Baixa
2026-01-22,2026,1,22,1,1,Janeiro,Quinta-feira,4,4,False,False,,Baixa
2026-01-23,2026,1,23,1,1,Janeiro,Sexta-feira,5,4,False,False,,Baixa
2026-01-24,2026,1,24,1,1,Janeiro,Sábado,6,4,True,False,,Baixa
2026-01-25,2026,1,25,1,1,Janeiro,Domingo,7,4,True,False,,Baixa
2026-01-26,2026,1,26,1,1,Janeiro,Segunda-feira,1,5,False,False,,Baixa
2026-01-27,2026,1,27,1,1,Janeiro,Terça-feira,2,5,False,False,,Baixa
2026-01-28,2026,1,28,1,1,Janeiro,Quarta-feira,3,5,False,False,,Baixa
2026-01-29,2026,1,29,1,1,Janeiro,Quinta-feira,4,5,False,False,,Baixa
2026-01-30,2026,1,30,1,1,Janeiro,Sexta-feira,5,5,False,False,,Baixa
2026-01-31,2026,1,31,1,1,Janeiro,Sábado,6,5,True,False,,Baixa
2026-02-01,2026,2,1,1,1,Fevereiro,Domingo,7,5,True,False,,Baixa
2026-02-02,2026,2,2,1,1,Fevereiro,Segunda-feira,1,6,False,False,,Baixa
2026-02-03,2026,2,3,1,1,Fevereiro,Terça-feira,2,6,False,False,,Baixa
2026-02-04,2026,2,4,1,1,Fevereiro,Quarta-feira,3,6,False,False,,Baixa
2026-02-05,2026,2,5,1,1,Fevereiro,Quinta-feira,4,6,False,False,,Baixa
2026-02-06,2026,2,6,1,1,Fevereiro,Sexta-feira,5,6,False,False,,Baixa
2026-02-07,2026,2,7,1,1,Fevereiro,Sábado,6,6,True,False,,Baixa
2026-02-08,2026,2,8,1,1,Fevereiro,Domingo,7,6,True,False,,Baixa
2026-02-09,2026,2,9,1,1,Fevereiro,Segunda-feira,1,7,False,False,,Baixa
2026-02-10,2026,2,10,1,1,Fevereiro,Terça-feira,2,7,False,False,,Baixa
2026-02-11,2026,2,11,1,1,Fevereiro,Quarta-feira,3,7,False,False,,Baixa
2026-02-12,2026,2,12,1,1,Fevereiro,Quinta-feira,4,7,False,False,,Baixa
2026-02-13,2026,2,13,1,1,Fevereiro,Sexta-feira,5,7,False,False,,Baixa
2026-02-14,2026,2,14,1,1,Fevereiro,Sábado,6,7,True,False,,Baixa
2026-02-15,2026,2,15,1,1,Fevereiro,Domingo,7,7,True,False,,Baixa
2026-02-16,2026,2,16,1,1,Fevereiro,Segunda-feira,1,8,False,False,,Baixa
2026-02-17,2026,2,17,1,1,Fevereiro,Terça-feira,2,8,False,False,,Baixa
2026-02-18,2026,2,18,1,1,Fevereiro,Quarta-feira,3,8,False,False,,Baixa
2026-02-19,2026,2,19,1,1,Fevereiro,Quinta-feira,4,8,False,False,,Baixa
2026-02-20,2026,2,20,1,1,Fevereiro,Sexta-feira,5,8,False,False,,Baixa
2026-02-21,2026,2,21,1,1,Fevereiro,Sábado,6,8,True,False,,Baixa
2026-02-22,2026,2,22,1,1,Fevereiro,Domingo,7,8,True,False,,Baixa
2026-02-23,2026,2,23,1,1,Fevereiro,Segunda-feira,1,9,False,False,,Baixa
2026-02-24,2026,2,24,1,1,Fevereiro,Terça-feira,2,9,False,False,,Baixa
2026-02-25,2026,2,25,1,1,Fevereiro,Quarta-feira,3,9,False,False,,Baixa
2026-02-26,2026,2,26,1,1,Fevereiro,Quinta-feira,4,9,False,False,,Baixa
2026-02-27,2026,2,27,1,1,Fevereiro,Sexta-feira,5,9,False,False,,Baixa
2026-02-28,2026,2,28,1,1,Fevereiro,Sábado,6,9,True,False,,Baixa
2026-03-01,2026,3,1,1,1,Março,Domingo,7,9,True,False,,Média
2026-03-02,2026,3,2,1,1,Março,Segunda-feira,1,10,False,False,,Média
2026-03-03,2026,3,3,1,1,Março,Terça-feira,2,10,False,False,,Média
2026-03-04,2026,3,4,1,1,Março,Quarta-feira,3,10,False,False,,Média
2026-03-05,2026,3,5,1,1,Março,Quinta-feira,4,10,False,False,,Média
2026-03-06,2026,3,6,1,1,Março,Sexta-feira,5,10,False,False,,Média
2026-03-07,2026,3,7,1,1,Março,Sábado,6,10,True,False,,Média
2026-03-08,2026,3,8,1,1,Março,Domingo,7,10,True,False,,Média
2026-03-09,2026,3,9,1,1,Março,Segunda-feira,1,11,False,False,,Média
2026-03-10,2026,3,10,1,1,Março,Terça-feira,2,11,False,False,,Média
2026-03-11,2026,3,11,1,1,Março,Quarta-feira,3,11,False,False,,Média
2026-03-12,2026,3,12,1,1,Março,Quinta-feira,4,11,False,False,,Média
2026-03-13,2026,3,13,1,1,Março,Sexta-feira,5,11,False,False,,Média
2026-03-14,2026,3,14,1,1,Março,Sábado,6,11,True,False,,Média
2026-03-15,2026,3,15,1,1,Março,Domingo,7,11,True,False,,Média
2026-03-16,2026,3,16,1,1,Março,Segunda-feira,1,12,False,False,,Média
2026-03-17,2026,3,17,1,1,Março,Terça-feira,2,12,False,False,,Média
2026-03-18,2026,3,18,1,1,Março,Quarta-feira,3,12,False,False,,Média
2026-03-19,2026,3,19,1,1,Março,Quinta-feira,4,12,False,False,,Média
2026-03-20,2026,3,20,1,1,Março,Sexta-feira,5,12,False,False,,Média
2026-03-21,2026,3,21,1,1,Março,Sábado,6,12,True,False,,Média
2026-03-22,2026,3,22,1,1,Março,Domingo,7,12,True,False,,Média
2026-03-23,2026,3,23,1,1,Março,Segunda-feira,1,13,False,False,,Média
2026-03-24,2026,3,24,1,1,Março,Terça-feira,2,13,False,False,,Média
2026-03-25,2026,3,25,1,1,Março,Quarta-feira,3,13,False,False,,Média
2026-03-26,2026,3,26,1,1,Março,Quinta-feira,4,13,False,False,,Média
2026-03-27,2026,3,27,1,1,Março,Sexta-feira,5,13,False,False,,Média
2026-03-28,2026,3,28,1,1,Março,Sábado,6,13,True,False,,Média
2026-03-29,2026,3,29,1,1,Março,Domingo,7,13,True,False,,Média
2026-03-30,2026,3,30,1,1,Março,Segunda-feira,1,14,False,False,,Média
2026-03-31,2026,3,31,1,1,Março,Terça-feira,2,14,False,False,,Média
2026-04-01,2026,4,1,2,1,Abril,Quarta-feira,3,14,False,False,,Média
2026-04-02,2026,4,2,2,1,Abril,Quinta-feira,4,14,False,False,,Média
2026-04-03,2026,4,3,2,1,Abril,Sexta-feira,5,14,False,False,,Média
2026-04-04,2026,4,4,2,1,Abril,Sábado,6,14,True,False,,Média
2026-04-05,2026,4,5,2,1,Abril,Domingo,7,14,True,False,,Média
2026-04-06,2026,4,6,2,1,Abril,Segunda-feira,1,15,False,False,,Média
2026-04-07,2026,4,7,2,1,Abril,Terça-feira,2,15,False,False,,Média
2026-04-08,2026,4,8,2,1,Abril,Quarta-feira,3,15,False,False,,Média
2026-04-09,2026,4,9,2,1,Abril,Quinta-feira,4,15,False,False,,Média
2026-04-10,2026,4,10,2,1,Abril,Sexta-feira,5,15,False,False,,Média
2026-04-11,2026,4,11,2,1,Abril,Sábado,6,15,True,False,,Média
2026-04-12,2026,4,12,2,1,Abril,Domingo,7,15,True,False,,Média
2026-04-13,2026,4,13,2,1,Abril,Segunda-feira,1,16,False,False,,Média
2026-04-14,2026,4,14,2,1,Abril,Terça-feira,2,16,False,False,,Média
2026-04-15,2026,4,15,2,1,Abril,Quarta-feira,3,16,False,False,,Média
2026-04-16,2026,4,16,2,1,Abril,Quinta-feira,4,16,False,False,,Média
2026-04-17,2026,4,17,2,1,Abril,Sexta-feira,5,16,False,False,,Média
2026-04-18,2026,4,18,2,1,Abril,Sábado,6,16,True,False,,Média
2026-04-19,2026,4,19,2,1,Abril,Domingo,7,16,True,False,,Média
2026-04-20,2026,4,20,2,1,Abril,Segunda-feira,1,17,False,False,,Média
2026-04-21,2026,4,21,2,1,Abril,Terça-feira,2,17,False,True,Tiradentes,Média
2026-04-22,2026,4,22,2,1,Abril,Quarta-feira,3,17,False,False,,Média
2026-04-23,2026,4,23,2,1,Abril,Quinta-feira,4,17,False,False,,Média
2026-04-24,2026,4,24,2,1,Abril,Sexta-feira,5,17,False,False,,Média
2026-04-25,2026,4,25,2,1,Abril,Sábado,6,17,True,False,,Média
2026-04-26,2026,4,26,2,1,Abril,Domingo,7,17,True,False,,Média
2026-04-27,2026,4,27,2,1,Abril,Segunda-feira,1,18,False,False,,Média
2026-04-28,2026,4,28,2,1,Abril,Terça-feira,2,18,False,False,,Média
2026-04-29,2026,4,29,2,1,Abril,Quarta-feira,3,18,False,False,,Média
2026-04-30,2026,4,30,2,1,Abril,Quinta-feira,4,18,False,False,,Média
2026-05-01,2026,5,1,2,1,Maio,Sexta-feira,5,18,False,True,Dia do Trabalho,Alta
2026-05-02,2026,5,2,2,1,Maio,Sábado,6,18,True,False,,Alta
2026-05-03,2026,5,3,2,1,Maio,Domingo,7,18,True,False,,Alta
2026-05-04,2026,5,4,2,1,Maio,Segunda-feira,1,19,False,False,,Alta
2026-05-05,2026,5,5,2,1,Maio,Terça-feira,2,19,False,False,,Alta
2026-05-06,2026,5,6,2,1,Maio,Quarta-feira,3,19,False,False,,Alta
2026-05-07,2026,5,7,2,1,Maio,Quinta-feira,4,19,False,False,,Alta
2026-05-08,2026,5,8,2,1,Maio,Sexta-feira,5,19,False,False,,Alta
2026-05-09,2026,5,9,2,1,Maio,Sábado,6,19,True,False,,Alta
2026-05-10,2026,5,10,2,1,Maio,Domingo,7,19,True,False,,Alta
2026-05-11,2026,5,11,2,1,Maio,Segunda-feira,1,20,False,False,,Alta
2026-05-12,2026,5,12,2,1,Maio,Terça-feira,2,20,False,False,,Alta
2026-05-13,2026,5,13,2,1,Maio,Quarta-feira,3,20,False,False,,Alta
2026-05-14,2026,5,14,2,1,Maio,Quinta-feira,4,20,False,False,,Alta
2026-05-15,2026,5,15,2,1,Maio,Sexta-feira,5,20,False,False,,Alta
2026-05-16,2026,5,16,2,1,Maio,Sábado,6,20,True,False,,Alta
2026-05-17,2026,5,17,2,1,Maio,Domingo,7,20,True,False,,Alta
2026-05-18,2026,5,18,2,1,Maio,Segunda-feira,1,21,False,False,,Alta
2026-05-19,2026,5,19,2,1,Maio,Terça-feira,2,21,False,False,,Alta
2026-05-20,2026,5,20,2,1,Maio,Quarta-feira,3,21,False,False,,Alta
2026-05-21,2026,5,21,2,1,Maio,Quinta-feira,4,21,False,False,,Alta
2026-05-22,2026,5,22,2,1,Maio,Sexta-feira,5,21,False,False,,Alta
2026-05-23,2026,5,23,2,1,Maio,Sábado,6,21,True,False,,Alta
2026-05-24,2026,5,24,2,1,Maio,Domingo,7,21,True,False,,Alta
2026-05-25,2026,5,25,2,1,Maio,Segunda-feira,1,22,False,False,,Alta
2026-05-26,2026,5,26,2,1,Maio,Terça-feira,2,22,False,False,,Alta
2026-05-27,2026,5,27,2,1,Maio,Quarta-feira,3,22,False,False,,Alta
2026-05-28,2026,5,28,2,1,Maio,Quinta-feira,4,22,False,False,,Alta
2026-05-29,2026,5,29,2,1,Maio,Sexta-feira,5,22,False,False,,Alta
2026-05-30,2026,5,30,2,1,Maio,Sábado,6,22,True,False,,Alta
2026-05-31,2026,5,31,2,1,Maio,Domingo,7,22,True,False,,Alta
2026-06-01,2026,6,1,2,1,Junho,Segunda-feira,1,23,False,False,,Alta
2026-06-02,2026,6,2,2,1,Junho,Terça-feira,2,23,False,False,,Alta
2026-06-03,2026,6,3,2,1,Junho,Quarta-feira,3,23,False,False,,Alta
2026-06-04,2026,6,4,2,1,Junho,Quinta-feira,4,23,False,False,,Alta
2026-06-05,2026,6,5,2,1,Junho,Sexta-feira,5,23,False,False,,Alta
2026-06-06,2026,6,6,2,1,Junho,Sábado,6,23,True,False,,Alta
2026-06-07,2026,6,7,2,1,Junho,Domingo,7,23,True,False,,Alta
2026-06-08,2026,6,8,2,1,Junho,Segunda-feira,1,24,False,False,,Alta
2026-06-09,2026,6,9,2,1,Junho,Terça-feira,2,24,False,False,,Alta
2026-06-10,2026,6,10,2,1,Junho,Quarta-feira,3,24,False,False,,Alta
2026-06-11,2026,6,11,2,1,Junho,Quinta-feira,4,24,False,False,,Alta
2026-06-12,2026,6,12,2,1,Junho,Sexta-feira,5,24,False,False,,Alta
2026-06-13,2026,6,13,2,1,Junho,Sábado,6,24,True,False,,Alta
2026-06-14,2026,6,14,2,1,Junho,Domingo,7,24,True,False,,Alta
2026-06-15,2026,6,15,2,1,Junho,Segunda-feira,1,25,False,False,,Alta
2026-06-16,2026,6,16,2,1,Junho,Terça-feira,2,25,False,False,,Alta
2026-06-17,2026,6,17,2,1,Junho,Quarta-feira,3,25,False,False,,Alta
2026-06-18,2026,6,18,2,1,Junho,Quinta-feira,4,25,False,False,,Alta
2026-06-19,2026,6,19,2,1,Junho,Sexta-feira,5,25,False,False,,Alta
2026-06-20,2026,6,20,2,1,Junho,Sábado,6,25,True,False,,Alta
2026-06-21,2026,6,21,2,1,Junho,Domingo,7,25,True,False,,Alta
2026-06-22,2026,6,22,2,1,Junho,Segunda-feira,1,26,False,False,,Alta
2026-06-23,2026,6,23,2,1,Junho,Terça-feira,2,26,False,False,,Alta
2026-06-24,2026,6,24,2,1,Junho,Quarta-feira,3,26,False,False,,Alta
2026-06-25,2026,6,25,2,1,Junho,Quinta-feira,4,26,False,False,,Alta
2026-06-26,2026,6,26,2,1,Junho,Sexta-feira,5,26,False,False,,Alta
2026-06-27,2026,6,27,2,1,Junho,Sábado,6,26,True,False,,Alta
2026-06-28,2026,6,28,2,1,Junho,Domingo,7,26,True,False,,Alta
2026-06-29,2026,6,29,2,1,Junho,Segunda-feira,1,27,False,False,,Alta
2026-06-30,2026,6,30,2,1,Junho,Terça-feira,2,27,False,False,,Alta
2026-07-01,2026,7,1,3,2,Julho,Quarta-feira,3,27,False,False,,Alta
2026-07-02,2026,7,2,3,2,Julho,Quinta-feira,4,27,False,False,,Alta
2026-07-03,2026,7,3,3,2,Julho,Sexta-feira,5,27,False,False,,Alta
2026-07-04,2026,7,4,3,2,Julho,Sábado,6,27,True,False,,Alta
2026-07-05,2026,7,5,3,2,Julho,Domingo,7,27,True,False,,Alta
2026-07-06,2026,7,6,3,2,Julho,Segunda-feira,1,28,False,False,,Alta
2026-07-07,2026,7,7,3,2,Julho,Terça-feira,2,28,False,False,,Alta
2026-07-08,2026,7,8,3,2,Julho,Quarta-feira,3,28,False,False,,Alta
2026-07-09,2026,7,9,3,2,Julho,Quinta-feira,4,28,False,False,,Alta
2026-07-10,2026,7,10,3,2,Julho,Sexta-feira,5,28,False,False,,Alta
2026-07-11,2026,7,11,3,2,Julho,Sábado,6,28,True,False,,Alta
2026-07-12,2026,7,12,3,2,Julho,Domingo,7,28,True,False,,Alta
2026-07-13,2026,7,13,3,2,Julho,Segunda-feira,1,29,False,False,,Alta
2026-07-14,2026,7,14,3,2,Julho,Terça-feira,2,29,False,False,,Alta
2026-07-15,2026,7,15,3,2,Julho,Quarta-feira,3,29,False,False,,Alta
2026-07-16,2026,7,16,3,2,Julho,Quinta-feira,4,29,False,False,,Alta
2026-07-17,2026,7,17,3,2,Julho,Sexta-feira,5,29,False,False,,Alta
2026-07-18,2026,7,18,3,2,Julho,Sábado,6,29,True,False,,Alta
2026-07-19,2026,7,19,3,2,Julho,Domingo,7,29,True,False,,Alta
2026-07-20,2026,7,20,3,2,Julho,Segunda-feira,1,30,False,False,,Alta
2026-07-21,2026,7,21,3,2,Julho,Terça-feira,2,30,False,False,,Alta
2026-07-22,2026,7,22,3,2,Julho,Quarta-feira,3,30,False,False,,Alta
2026-07-23,2026,7,23,3,2,Julho,Quinta-feira,4,30,False,False,,Alta
2026-07-24,2026,7,24,3,2,Julho,Sexta-feira,5,30,False,False,,Alta
2026-07-25,2026,7,25,3,2,Julho,Sábado,6,30,True,False,,Alta
2026-07-26,2026,7,26,3,2,Julho,Domingo,7,30,True,False,,Alta
2026-07-27,2026,7,27,3,2,Julho,Segunda-feira,1,31,False,False,,Alta
2026-07-28,2026,7,28,3,2,Julho,Terça-feira,2,31,False,False,,Alta
2026-07-29,2026,7,29,3,2,Julho,Quarta-feira,3,31,False,False,,Alta
2026-07-30,2026,7,30,3,2,Julho,Quinta-feira,4,31,False,False,,Alta
2026-07-31,2026,7,31,3,2,Julho,Sexta-feira,5,31,False,False,,Alta
2026-08-01,2026,8,1,3,2,Agosto,Sábado,6,31,True,False,,Média
2026-08-02,2026,8,2,3,2,Agosto,Domingo,7,31,True,False,,Média
2026-08-03,2026,8,3,3,2,Agosto,Segunda-feira,1,32,False,False,,Média
2026-08-04,2026,8,4,3,2,Agosto,Terça-feira,2,32,False,False,,Média
2026-08-05,2026,8,5,3,2,Agosto,Quarta-feira,3,32,False,False,,Média
2026-08-06,2026,8,6,3,2,Agosto,Quinta-feira,4,32,False,False,,Média
2026-08-07,2026,8,7,3,2,Agosto,Sexta-feira,5,32,False,False,,Média
2026-08-08,2026,8,8,3,2,Agosto,Sábado,6,32,True,False,,Média
2026-08-09,2026,8,9,3,2,Agosto,Domingo,7,32,True,False,,Média
2026-08-10,2026,8,10,3,2,Agosto,Segunda-feira,1,33,False,False,,Média
2026-08-11,2026,8,11,3,2,Agosto,Terça-feira,2,33,False,False,,Média
2026-08-12,2026,8,12,3,2,Agosto,Quarta-feira,3,33,False,False,,Média
2026-08-13,2026,8,13,3,2,Agosto,Quinta-feira,4,33,False,False,,Média
2026-08-14,2026,8,14,3,2,Agosto,Sexta-feira,5,33,False,False,,Média
2026-08-15,2026,8,15,3,2,Agosto,Sábado,6,33,True,False,,Média
2026-08-16,2026,8,16,3,2,Agosto,Domingo,7,33,True,False,,Média
2026-08-17,2026,8,17,3,2,Agosto,Segunda-feira,1,34,False,False,,Média
2026-08-18,2026,8,18,3,2,Agosto,Terça-feira,2,34,False,False,,Média
2026-08-19,2026,8,19,3,2,Agosto,Quarta-feira,3,34,False,False,,Média
2026-08-20,2026,8,20,3,2,Agosto,Quinta-feira,4,34,False,False,,Média
2026-08-21,2026,8,21,3,2,Agosto,Sexta-feira,5,34,False,False,,Média
2026-08-22,2026,8,22,3,2,Agosto,Sábado,6,34,True,False,,Média
2026-08-23,2026,8,23,3,2,Agosto,Domingo,7,34,True,False,,Média
2026-08-24,2026,8,24,3,2,Agosto,Segunda-feira,1,35,False,False,,Média
2026-08-25,2026,8,25,3,2,Agosto,Terça-feira,2,35,False,False,,Média
2026-08-26,2026,8,26,3,2,Agosto,Quarta-feira,3,35,False,False,,Média
2026-08-27,2026,8,27,3,2,Agosto,Quinta-feira,4,35,False,False,,Média
2026-08-28,2026,8,28,3,2,Agosto,Sexta-feira,5,35,False,False,,Média
2026-08-29,2026,8,29,3,2,Agosto,Sábado,6,35,True,False,,Média
2026-08-30,2026,8,30,3,2,Agosto,Domingo,7,35,True,False,,Média
2026-08-31,2026,8,31,3,2,Agosto,Segunda-feira,1,36,False,False,,Média
2026-09-01,2026,9,1,3,2,Setembro,Terça-feira,2,36,False,False,,Média
2026-09-02,2026,9,2,3,2,Setembro,Quarta-feira,3,36,False,False,,Média
2026-09-03,2026,9,3,3,2,Setembro,Quinta-feira,4,36,False,False,,Média
2026-09-04,2026,9,4,3,2,Setembro,Sexta-feira,5,36,False,False,,Média
2026-09-05,2026,9,5,3,2,Setembro,Sábado,6,36,True,False,,Média
2026-09-06,2026,9,6,3,2,Setembro,Domingo,7,36,True,False,,Média
2026-09-07,2026,9,7,3,2,Setembro,Segunda-feira,1,37,False,True,Independência do Brasil,Média
2026-09-08,2026,9,8,3,2,Setembro,Terça-feira,2,37,False,False,,Média
2026-09-09,2026,9,9,3,2,Setembro,Quarta-feira,3,37,False,False,,Média
2026-09-10,2026,9,10,3,2,Setembro,Quinta-feira,4,37,False,False,,Média
2026-09-11,2026,9,11,3,2,Setembro,Sexta-feira,5,37,False,False,,Média
2026-09-12,2026,9,12,3,2,Setembro,Sábado,6,37,True,False,,Média
2026-09-13,2026,9,13,3,2,Setembro,Domingo,7,37,True,False,,Média
2026-09-14,2026,9,14,3,2,Setembro,Segunda-feira,1,38,False,False,,Média
2026-09-15,2026,9,15,3,2,Setembro,Terça-feira,2,38,False,False,,Média
2026-09-16,2026,9,16,3,2,Setembro,Quarta-feira,3,38,False,False,,Média
2026-09-17,2026,9,17,3,2,Setembro,Quinta-feira,4,38,False,False,,Média
2026-09-18,2026,9,18,3,2,Setembro,Sexta-feira,5,38,False,False,,Média
2026-09-19,2026,9,19,3,2,Setembro,Sábado,6,38,True,False,,Média
2026-09-20,2026,9,20,3,2,Setembro,Domingo,7,38,True,False,,Média
2026-09-21,2026,9,21,3,2,Setembro,Segunda-feira,1,39,False,False,,Média
2026-09-22,2026,9,22,3,2,Setembro,Terça-feira,2,39,False,False,,Média
2026-09-23,2026,9,23,3,2,Setembro,Quarta-feira,3,39,False,False,,Média
2026-09-24,2026,9,24,3,2,Setembro,Quinta-feira,4,39,False,False,,Média
2026-09-25,2026,9,25,3,2,Setembro,Sexta-feira,5,39,False,False,,Média
2026-09-26,2026,9,26,3,2,Setembro,Sábado,6,39,True,False,,Média
2026-09-27,2026,9,27,3,2,Setembro,Domingo,7,39,True,False,,Média
2026-09-28,2026,9,28,3,2,Setembro,Segunda-feira,1,40,False,False,,Média
2026-09-29,2026,9,29,3,2,Setembro,Terça-feira,2,40,False,False,,Média
2026-09-30,2026,9,30,3,2,Setembro,Quarta-feira,3,40,False,False,,Média
