campanha_id,nome_campanha,canal_id,tipo_campanha,data_inicio,data_fim,budget_campanha,desconto_percentual,status
CAM001,Dia das Mães 2025,CAN03,Sazonal,2025-04-28,2025-05-11,3000.0,15.0,Finalizada
CAM002,Inverno Café 2025,CAN01,Sazonal,2025-06-01,2025-07-31,5000.0,10.0,Finalizada
CAM003,Dia dos Pais 2025,CAN03,Sazonal,2025-08-01,2025-08-10,2500.0,15.0,Finalizada
CAM004,Black Friday 2025,CAN01,Sazonal,2025-11-20,2025-11-30,8000.0,25.0,Finalizada
CAM005,Natal 2025,CAN03,Sazonal,2025-12-01,2025-12-25,6000.0,20.0,Finalizada
CAM006,Lançamento Bourbon,CAN02,Lançamento,2025-03-01,2025-03-31,2000.0,10.0,Finalizada
CAM007,Lançamento Cold Brew,CAN03,Lançamento,2025-06-01,2025-06-30,1500.0,5.0,Finalizada
CAM008,Remarketing Q1,CAN04,Remarketing,2025-01-15,2025-03-31,3000.0,10.0,Finalizada
CAM009,Remarketing Q2,CAN04,Remarketing,2025-04-01,2025-06-30,3000.0,10.0,Finalizada
CAM010,Flash Sale Aniversário,CAN05,Flash Sale,2025-07-15,2025-07-16,500.0,30.0,Finalizada
CAM011,Dia das Mães 2026,CAN03,Sazonal,2026-04-27,2026-05-10,4000.0,15.0,Finalizada
CAM012,Inverno Café 2026,CAN01,Sazonal,2026-06-01,2026-07-31,6000.0,10.0,Finalizada
CAM013,Dia dos Pais 2026,CAN03,Sazonal,2026-08-01,2026-08-09,3000.0,15.0,Finalizada
CAM014,Black Friday 2026 (early),CAN01,Sazonal,2026-09-01,2026-09-30,4000.0,15.0,Ativa
CAM015,Remarketing Q3 2026,CAN04,Remarketing,2026-07-01,2026-09-30,3500.0,10.0,Ativa
CAM016,Fidelidade Ouro,CAN05,Fidelidade,2026-01-01,2026-09-30,2000.0,10.0,Ativa
